id,name
68157446,回复药
68157453,解毒药
68157912,携带食料
68157562,生肉
68157463,空瓶
68157470,LV2通常弹
68157472,LV1贯穿弹
68157473,LV2贯穿弹
68157475,LV1散弹
68157476,LV2散弹
68157578,LV1放散弹
68157579,LV2放散弹
68157478,LV1穿甲榴弹
68157480,LV1扩散弹
68157482,LV1毒弹
68157495,斩裂弹
68157496,龙击弹
68157498,强击瓶
68157442,小桶爆弹
68157443,大桶爆弹
68157444,麻痹陷阱
68157445,秘药
68157447,回复药G
68157448,烤熟的肉
68157449,生命粉尘
68157454,消散剂
68157455,除臭球
68157464,小木桶
68157465,大木桶
68157466,陷阱工具
68157467,力量之护符
68157468,守护之护符
68157471,LV3通常弹
68157474,LV3贯穿弹
68157477,LV3散弹
68157479,LV2穿甲榴弹
68157481,LV2扩散弹
68157483,LV2毒弹
68157484,LV1麻痹弹
68157485,LV2麻痹弹
68157486,LV1睡眠弹
68157487,LV2睡眠弹
68157488,LV1减气弹
68157489,LV2减气弹
68157490,LV1回复弹
68157491,火炎弹
68157492,水冷弹
68157493,电击弹
68157494,冰结弹
68157497,捕获用麻醉弹
68157499,<COLOR FF0000>#Rejected#</COLOR> I_0059_Name
68157500,毒瓶
68157501,麻痹瓶
68157502,睡眠瓶
68157503,爆破瓶
68157505,减气瓶
68157531,抽奖券
68157532,雌火龙的鳞
68157533,雌火龙的甲壳
68157534,雌火龙的翼膜
68157535,雌火龙的棘
68157536,雌火龙的逆鳞
68157537,火龙的鳞
68157538,火龙的甲壳
68157539,火龙的翼膜
68157540,火龙的逆鳞
68157541,火龙的骨髓
68157542,火炎袋
68157543,雷狼龙的甲壳
68157544,雷狼龙的带电毛
68157545,雷狼龙的爪
68157546,雷狼龙的蓄电壳
68157547,雷狼龙的逆鳞
68157548,泡狐龙的鳞
68157549,泡狐龙的紫毛
68157550,泡狐龙的爪
68157551,起泡滑液
68157552,泡狐龙的逆鳞
68157553,伞鸟的鳞
68157554,伞鸟的羽鳞
68157555,伞鸟的头冠
68157556,河童蛙的皮
68157557,河童蛙的苔背甲
68157558,河童蛙的嘴
68157559,泥翁龙的鳞
68157560,泥翁龙的甲壳
68157561,泥翁龙的爪
68157563,落穴陷阱
68157564,特制团子券
68157565,蜂蜜
68157566,蓝蘑菇
68157567,不死虫
68157568,药草
68157569,打消果实
68157570,贯穿果实
68157571,铁矿石
68157572,大地结晶
68157573,燕雀石
68157574,辉龙石
68157575,特产菇
68157576,严选菇
68157577,元气饮料
68157580,LV3放散弹
68157581,蛮颚龙的毛皮
68157582,蛮颚龙的鳞
68157583,蛮颚龙的牙
68157584,蛮颚龙的鼻骨
68157585,蛮颚龙的尾巴
68157586,蛮颚龙的逆鳞
68157589,铠玉
68157590,上铠玉
68157591,尖铠玉
68157592,LV3穿甲榴弹
68157593,LV3扩散弹
68157594,LV2回复弹
68157595,鬼人弹
68157596,硬化弹
68157597,贯穿火炎弹
68157598,贯穿水冷弹
68157599,贯穿冰结弹
68157600,贯穿电击弹
68157601,灭龙弹
68157602,贯穿灭龙弹
68157603,闪光球
68157604,古老手记
68157605,伞鸟的喙
68157606,河童蛙的碟
68157607,人鱼龙的鳞
68157608,人鱼龙的甲壳
68157609,人鱼龙的钩爪
68157610,人鱼龙的发鳍
68157611,人鱼龙的催眠粉
68157612,怨虎龙的鳞
68157613,怨虎龙的甲壳
68157614,怨虎龙的臂刃
68157615,怨虎龙的枪刃尾
68157616,怨虎龙的盔角
68157617,怨虎龙的刀壳
68157618,怨虎龙的灵结晶
68157619,怨虎龙的逆鳞
68157620,黄金色的泥土
68157621,泥翁龙的毛鳍
68157622,泥翁龙的尾巴
68157623,泥翁龙的胡须
68157624,泥翁龙的逆鳞
68157625,雪鬼兽的毛
68157626,雪鬼兽的皮
68157627,雪鬼兽的臂甲
68157628,雪鬼兽的角
68157629,雪鬼兽的拳爪
68157630,寒冷的冰块
68157631,雪鬼胆
68157657,青熊兽的毛
68157658,青熊兽的刚毛
68157659,青熊兽的甲壳
68157660,青熊兽的坚壳
68157661,青熊兽的臂甲
68157662,青熊兽的坚臂甲
68157663,眠狗龙王的皮
68157664,眠狗龙王的上等皮
68157665,眠狗龙王的爪
68157666,眠狗龙王的尖爪
68157667,白兔兽的毛
68157668,白兔兽的刚毛
68157669,白兔兽的耳
68157670,白兔兽的大耳
68157671,白兔兽的腹甲
68157672,白兔兽的坚腹甲
68157673,白兔兽的冰爪
68157674,白兔兽的冻爪
68157675,富有弹性的皮
68157676,珍珠色的柔皮
68157677,白化精华
68157678,白化带肉肋骨
68157679,白化霜降肉
68157680,土砂龙的甲壳
68157681,土砂龙的坚壳
68157682,土砂龙的背甲
68157683,土砂龙的坚甲
68157684,土砂龙的爪
68157685,土砂龙的锐爪
68157686,土砂龙的头壳
68157687,土砂龙的尾巴
68157688,肥沃的泥土
68157689,毒狗龙王的皮
68157690,毒狗龙王的上等皮
68157691,毒狗龙王的腕甲
68157692,毒狗龙王的坚腕甲
68157693,王者的喙
68157694,海绵质的皮
68157695,海绵质的上等皮
68157696,水兽的鳞
68157697,水兽的上等鳞
68157698,水兽的爪
68157699,水兽的锐爪
68157700,水兽的头冠
68157701,高级头冠
68157702,水兽的尾巴
68157703,冰牙龙的甲壳
68157704,冰牙龙的坚壳
68157705,冰牙龙的毛皮
68157706,冰牙龙的上等毛皮
68157707,冰牙龙的爪
68157708,冰牙龙的锐爪
68157709,冰牙龙的棘
68157710,冰牙龙的尾巴
68157711,琥珀色的牙
68157712,琥珀色的锐牙
68157713,赤甲兽的甲壳
68157714,赤甲兽的坚壳
68157715,赤甲兽的爪
68157716,赤甲兽的尖爪
68157717,赤甲兽的蛇腹甲
68157718,岩龙的甲壳
68157719,岩龙的坚壳
68157720,岩龙的翼
68157721,岩龙的泪
68157722,迅龙的鳞
68157723,迅龙的上等鳞
68157724,迅龙的黑毛
68157725,迅龙的上等黑毛
68157726,迅龙的尾巴
68157727,迅龙的尾棘
68157728,迅龙的刃翼
68157729,迅龙的锐刃翼
68157730,迅龙的牙
68157731,迅龙的锐牙
68157732,迅龙的骨髓
68157733,迅龙的延髓
68157734,雌火龙的上等鳞
68157735,雌火龙的坚壳
68157736,雌火龙的上等棘
68157737,雌火龙的红玉
68157738,雷狼龙的坚壳
68157739,雷狼龙的高电毛
68157740,雷狼龙的尖角
68157741,雷狼龙的尖爪
68157742,雷狼龙的高电壳
68157743,雷狼龙的碧玉
68157744,泡狐龙的上等鳞
68157745,泡狐龙的上等紫毛
68157746,泡狐龙的尖爪
68157747,泡狐龙的上等锦鳍
68157748,上等起泡滑液
68157749,泡狐龙的水玉
68157750,火龙的上等鳞
68157751,火龙的坚壳
68157752,火龙的翼
68157753,火龙的红玉
68157754,弯曲角
68157755,优质的弯曲角
68157756,角龙的甲壳
68157757,角龙的坚壳
68157758,角龙的背甲
68157759,角龙的坚甲
68157760,角龙的尾甲
68157761,角龙的牙
68157762,角龙的骨髓
68157763,角龙的延髓
68157764,轰龙的鳞
68157765,轰龙的上等鳞
68157766,轰龙的甲壳
68157767,轰龙的坚壳
68157768,轰龙的尾巴
68157769,轰龙的爪
68157770,轰龙的尖爪
68157771,轰龙的牙
68157772,轰龙的锐牙
68157773,轰龙的头壳
68157774,轰龙的颚
68157775,金狮子的尖角
68157776,金狮子的锐牙
68157777,金狮子的黑毛
68157778,金狮子的尖爪
68157779,金狮子的尾巴
68157780,黄金色的毛
68157781,霞龙的上等皮
68157782,霞龙的尖角
68157783,霞龙的尖爪
68157785,霞龙的尾巴
68157786,霞龙的宝玉
68157787,钢龙的坚壳
68157788,钢之上等龙鳞
68157789,钢龙的翼
68157790,钢龙的尖角
68157791,钢龙的尾巴
68157792,钢龙的尖爪
68157793,钢龙的宝玉
68157794,炎王龙的坚壳
68157795,炎王龙的鬃毛
68157796,炎王龙的尾巴
68157797,炎王龙的尖角
68157798,狱炎龙鳞
68157799,炎龙的尖爪
68157800,炎龙的翼
68157801,炎龙的粉尘
68157802,炎龙的宝玉
68157803,精灵鹿角
68157805,雪鹿的角
68157806,硬甲龙的甲壳
68157807,硬甲龙的坚壳
68157808,硬甲龙的头壳
68157809,垂皮龙的皮
68157810,垂皮龙的上等皮
68157811,丸鸟的羽
68157812,飞甲虫的甲壳
68157813,飞甲虫的坚壳
68157814,飞甲虫的羽
68157815,飞甲虫的麻痹针
68157816,甲虫的大颚
68157817,甲虫的腹袋
68157818,优质的腹袋
68157819,野猪的毛皮
68157820,野猪的上等毛皮
68157821,野猪的头
68157822,咬鱼的皮
68157823,咬鱼的须
68157824,咬鱼的上等皮
68157825,咬鱼的上等须
68157826,狗龙的鳞
68157827,狗龙的上等鳞
68157828,狗龙的皮
68157829,眠狗龙的皮
68157830,眠狗龙的鳞
68157831,眠狗龙的上等鳞
68157832,毒狗龙的鳞
68157833,毒狗龙的上等鳞
68157834,毒狗龙的皮
68157836,冠突龙的甲壳
68157837,冠突龙的头壳
68157838,冠突龙的坚壳
68157839,水生兽的皮
68157840,水生兽的上等皮
68157841,未成熟的海绵质
68157842,熔岩兽的鳞
68157843,熔岩兽的上等鳞
68157844,宽大的鳍
68157845,优质的鳍
68157846,厚实的皮
68157847,厚实的上等皮
68157848,鲛肌的鳞
68157849,翼蛇龙的皮
68157850,翼蛇龙的上等皮
68157851,条纹花样的皮
68157852,翼蛇龙的头
68157853,贼龙的鳞
68157854,贼龙的皮
68157855,贼龙的上等鳞
68157856,贼龙的上等皮
68157857,龙骨【小】
68157858,龙骨【中】
68157859,龙骨【大】
68157860,上等龙骨
68157861,尖龙骨
68157862,坚龙骨
68157863,古龙骨
68157864,巨大的骨
68157865,坚固的骨
68157866,鸟龙玉
68157867,龙玉
68157871,尖爪
68157872,尖牙
68157873,锐利爪
68157874,温暖的毛皮
68157875,优质的毛皮
68157876,古龙的血
68157877,鸣袋
68157878,毒袋
68157879,猛毒袋
68157880,麻痹袋
68157881,强力麻痹袋
68157882,睡眠袋
68157883,昏睡袋
68157885,爆炎袋
68157886,电袋
68157887,电击袋
68157888,冰结袋
68157889,冻结袋
68157890,水袋
68157891,大水袋
68157892,怪物体液
68157893,怪物浓液
68157894,狂奔精华
68157895,肉球印章
68157896,猫毛红玉
68157897,火龙的翼爪
68157898,火龙的延髓
68157899,雷狼龙的角
68157900,雷狼龙的尾巴
68157901,超电雷光虫
68157902,泡狐龙的锦鳍
68157903,泡狐龙的尾巴
68157904,火龙的尾巴
68157905,半生肉
68157906,烤焦的肉
68157907,远古秘药
68157908,生命大粉尘
68157909,烤熟的鱼
68157910,刺身鱼
68157911,活力剂
68157913,强走药
68157914,解毒草
68157915,汉方药
68157916,汉方粉尘
68157917,鬼人药
68157918,鬼人药G
68157919,怪力种子
68157920,鬼人粉尘
68157921,力量之爪
68157922,硬化药
68157923,硬化药G
68157924,忍耐种子
68157925,硬化粉尘
68157926,守护之爪
68157927,大桶爆弹G
68157928,毒生肉
68157929,麻痹生肉
68157930,睡眠生肉
68157931,回归球
68157932,毒烟雾球
68157933,音爆弹
68157934,捕获用麻醉球
68157935,毒苦无
68157936,睡眠苦无
68157937,麻痹苦无
68157939,磨刀鲹鱼
68157940,补给专用携带食料
68157941,应急药
68157942,应急药G
68157943,补给专用秘药
68157944,补给专用生命粉尘
68157945,补给专用大粉尘
68157946,补给专用汉方粉尘
68157947,补给专用鬼人粉尘
68157948,补给专用硬化粉尘
68157949,补给专用麻痹陷阱
68157950,补给专用落穴陷阱
68157951,补给专用大桶爆弹
68157952,补给专用音爆弹
68157953,补给专用闪光球
68157954,补给专用回归球
68157955,补给专用麻醉球
68157956,贪吃鲔鱼
68157957,贪吃鲔鱼王
68157958,镰鼬龙王的毛
68157959,镰鼬龙王的皮
68157960,镰鼬龙王的刃尾
68157961,镰鼬龙王的上等毛
68157962,镰鼬龙王的上等皮
68157963,镰鼬龙王上等刃尾
68157964,镰鼬龙的毛
68157965,镰鼬龙的刃尾
68157966,镰鼬龙的刚毛
68157967,伞鸟的上等鳞
68157968,伞鸟的上等羽鳞
68157969,伞鸟的大头冠
68157970,漂亮的尻子玉
68157971,河童蛙的上等皮
68157972,河童蛙的苔坚甲
68157973,河童蛙的大碟
68157974,河童蛙的大嘴
68157975,天狗兽的毛
68157976,天狗兽的冠帽
68157977,天狗兽的臂羽
68157978,天狗兽的尾甲
68157979,天狗兽的爪
68157980,腐毒柿子
68157981,麻辣柿子
68157982,发光柿子
68157983,天狗兽的刚毛
68157984,天狗兽的坚冠帽
68157985,天狗兽的上等臂羽
68157986,天狗兽的坚尾甲
68157987,天狗兽的尖爪
68157988,人鱼龙的上等鳞
68157989,人鱼龙的坚壳
68157990,人鱼龙的尖钩爪
68157991,人鱼龙的怒发鳍
68157992,人鱼龙的假寐粉
68157993,怨虎龙的上等鳞
68157994,怨虎龙的坚壳
68157995,怨虎龙的妖臂刃
68157996,怨虎龙的刚盔角
68157997,怨虎龙的妖刀壳
68157998,怨虎龙的紫玉
68157999,怨虎龙的魂结晶
68158000,泥翁龙的上等鳞
68158001,泥翁龙的坚壳
68158002,泥翁龙的尖爪
68158003,泥翁龙的刚毛鳍
68158004,泥翁龙的长胡须
68158005,泥翁龙的黄玉
68158006,黄金色的粘泥土
68158007,雪鬼兽的刚毛
68158008,雪鬼兽的上等皮
68158009,雪鬼兽的坚臂甲
68158010,雪鬼兽的尖角
68158011,雪鬼兽的尖拳爪
68158012,寒冷的坚冰块
68158013,妃蜘蛛的坚壳
68158014,妃蜘蛛的绢丝
68158015,妃蜘蛛的灯腹
68158016,妃蜘蛛的锐爪
68158017,妃蜘蛛的钩棘
68158018,风神龙的坚壳
68158019,风神龙的上等皮
68158020,风神龙的尖角
68158021,风神龙的尖爪
68158022,风神龙的风袋
68158023,风神龙的碧棘
68158024,风神的龙玉
68158025,雷神龙的坚壳
68158026,雷神龙的上等皮
68158027,雷神龙的尖角
68158028,雷神龙的尖爪
68158029,雷神龙的雷袋
68158030,雷神龙的触手
68158031,雷神的龙玉
68158032,渊源的岚鳞
68158033,渊源的岚角
68158034,渊源的岚玉
68158035,赫摇的龙鳞
68158036,奇绝的赫灼壳
68158037,天彗龙的尖爪
68158038,天彗龙的尾巴
68158039,赫赫的枪翼
68158040,天彗龙的背尖甲
68158041,招来赫星的龙气玉
68158042,沸腾的赫耀液
68158043,霸主的熊掌
68158044,霸主的起泡滑液
68158045,霸主的轰炎袋
68158046,霸主的弯曲角
68158047,霸主的超电壳
68158048,霸主的尸毒棘
68158049,狸兽的引火液
68158050,臣蜘蛛的丝
68158051,臣蜘蛛的绢丝
68158052,飞雷龙的鳞
68158053,飞雷龙的上等鳞
68158054,飞雷龙的毛皮
68158055,飞雷龙的上等毛皮
68158056,飞雷龙的皮膜
68158057,飞雷龙的爪
68158058,飞雷龙的尖爪
68158059,飞雷龙的电极针
68158060,飞雷龙的雷极针
68158061,泥鱼龙的上等鳞
68158062,泥鱼龙的坚壳
68158063,泥鱼龙的锐牙
68158064,泥鱼龙的上等鳍
68158065,霞龙的翼
68158066,怪异的牙
68158067,怪异的锐牙
68158068,搔鸟的鳞
68158069,搔鸟的上等鳞
68158070,搔鸟的皮
68158071,搔鸟的上等皮
68158072,搔鸟的喙
68158073,搔鸟的大喙
68158074,搔鸟的饰羽
68158075,搔鸟的大饰羽
68158076,毒妖鸟的鳞
68158077,毒妖鸟的上等鳞
68158078,毒妖鸟的甲壳
68158079,毒妖鸟的坚壳
68158080,毒妖鸟的羽毛
68158081,毒妖鸟的翼
68158082,毒妖鸟的喉袋
68158083,毒妖鸟的大喉袋
68158084,毒妖鸟的尾巴
68158085,蛮颚龙的上等鳞
68158086,蛮颚龙的上等毛皮
68158087,蛮颚龙的锐牙
68158088,蛮颚龙的大鼻骨
68158089,蛮颚龙的宝玉
68158090,爆鳞龙的上等鳞
68158091,爆鳞龙的坚壳
68158092,爆鳞龙的尾巴
68158093,爆鳞龙的爆腺
68158094,爆鳞龙的尖爪
68158095,爆鳞龙的翼
68158096,爆鳞龙的宝玉
68158097,巨大的硬骨
68158098,坚硬的巨骨
68158099,丰沃的泥
68158100,雌火龙的余料
68158101,雌火龙的上等余料
68158102,火龙的余料
68158103,火龙的上等余料
68158104,雷狼龙的余料
68158105,雷狼龙的上等余料
68158106,青熊兽的余料
68158107,青熊兽的上等余料
68158108,眠狗龙王的余料
68158109,眠狗龙王的上等余料
68158110,白兔兽的余料
68158111,白兔兽的上等余料
68158112,土砂龙的余料
68158113,土砂龙的上等余料
68158114,毒狗龙王的余料
68158115,毒狗龙王的上等余料
68158116,水兽的余料
68158117,水兽的上等余料
68158118,冰牙龙的余料
68158119,冰牙龙的上等余料
68158120,赤甲兽的余料
68158121,赤甲兽的上等余料
68158122,岩龙的余料
68158123,岩龙的上等余料
68158124,迅龙的余料
68158125,迅龙的上等余料
68158126,硝化伞菇
68158127,麻痹菇
68158128,毒菇
68158129,心跳加速菇
68158130,曼陀罗
68158131,结冰金属
68158132,雪光金属
68158133,光水晶
68158134,璀璨水晶
68158135,红莲石
68158136,狱炎石
68158137,灵鹤石
68158138,白鸠石
68158139,苦虫
68158140,光虫
68158141,雷光虫
68158142,火药草
68158143,常春藤叶
68158144,眠草
68158145,霜降草
68158146,流水草
68158147,落阳草
68158148,落阳草的花
68158149,木天蓼
68158150,烟果实
68158151,屠龙果实
68158152,空心果实
68158153,针果实
68158154,扩散果实
68158155,爆裂果实
68158156,龙击果实
68158157,斩裂果实
68158158,硬质骨头
68158159,扭曲怪骨
68158160,残缺龙骨
68158161,埋藏的骨骸
68158162,良质硬骨
68158163,古老龙骨
68158164,扭曲的坚怪骨
68158165,埋藏的龙骨骸
68158166,蜘蛛网
68158167,炸药
68158168,木桶盖
68158169,珍品菇
68158170,火球酸浆
68158171,狐火酸浆
68158172,幽炎酸浆
68158173,特产竹笋
68158174,严选竹笋
68158175,珍品竹笋
68158176,寒冷冻松果
68158177,冰冷冻松果
68158178,极寒冻松果
68158179,木筏牡蛎
68158180,船艇牡蛎
68158181,军舰牡蛎
68158182,异国金币
68158183,皇家金币
68158184,隐秘金币
68158185,朴素彩水晶
68158186,湿润彩水晶
68158187,瀑布彩水晶
68158188,贪食猪笼草
68158189,美食猪笼草
68158190,三星猪笼草
68158191,皇家独角仙
68158192,王者独角仙
68158193,神圣独角仙
68158194,小颗仙人掌
68158195,大颗仙人掌
68158196,国王仙人掌
68158197,热带草莓
68158198,灼热草莓
68158199,焦热草莓
68158200,沙石蔷薇
68158201,巨岩蔷薇
68158202,大地蔷薇
68158203,燃石炭
68158204,强燃石炭
68158205,最强燃石炭
68158206,玉髓化的龙骨片
68158207,玉髓化的龙大骨
68158208,玉髓化的龙头骨
68158209,铋石
68158210,铋光石
68158211,铋辉石
68158212,龙蛋
68158213,优质龙蛋
68158214,冰结化石
68158215,大冰结化石
68158216,硬甲龙的蛋
68158217,硬甲龙的优质蛋
68158218,大王香花
68158219,甜蜜大王香花
68158220,铋结晶
68158221,大块铋结晶
68158222,大磨刀鲹鱼
68158223,着火鲣鱼
68158224,大着火鲣鱼
68158225,发火旗鱼
68158226,大发火旗鱼
68158227,扩散金鱼
68158228,小金鱼
68158229,旗鱼
68158230,赤金鱼
68158231,黄金鱼
68158232,白金鱼
68158233,锦鱼
68158234,王锦鱼
68158235,大王锦鱼
68158237,火炎桶爆弹
68158238,爆破苦无
68158247,朴素的余料
68158248,朴素的上等余料
68158253,矿石的余料
68158254,矿石的上等余料
68158255,虫的余料
68158256,虫的上等余料
68158257,骨的余料
68158258,骨的上等余料
68158259,毛皮的余料
68158260,毛皮的上等余料
68158261,垂皮龙的余料
68158262,垂皮龙的上等余料
68158263,狗龙的余料
68158264,狗龙的上等余料
68158265,飞甲虫的余料
68158266,飞甲虫的上等余料
68158267,硬甲龙的余料
68158268,硬甲龙的上等余料
68158269,镰鼬龙的余料
68158270,镰鼬龙的上等余料
68158271,河童蛙的余料
68158272,河童蛙的上等余料
68158273,有弹性的余料
68158274,珍珠色的上等余料
68158275,搔鸟的余料
68158276,搔鸟的上等余料
68158277,伞鸟的余料
68158278,伞鸟的上等余料
68158279,人鱼龙的余料
68158280,人鱼龙的上等余料
68158281,毒妖鸟的余料
68158282,毒妖鸟的上等余料
68158283,飞雷龙的余料
68158284,飞雷龙的上等余料
68158285,天狗兽的余料
68158286,天狗兽的上等余料
68158287,蛮颚龙的余料
68158288,蛮颚龙的上等余料
68158289,泡狐龙的余料
68158290,泡狐龙的上等余料
68158291,怨虎龙的余料
68158292,怨虎龙的上等余料
68158293,雪鬼兽的余料
68158294,雪鬼兽的上等余料
68158295,角龙的余料
68158296,角龙的上等余料
68158297,轰龙的余料
68158298,轰龙的上等余料
68158299,泥翁龙的余料
68158300,泥翁龙的上等余料
68158301,泥鱼龙的上等余料
68158302,风神龙的上等余料
68158303,金狮子的上等余料
68158304,妃蜘蛛的上等余料
68158305,雷神龙的上等余料
68158306,爆鳞龙的上等余料
68158307,霞龙的上等余料
68158308,钢龙的上等余料
68158309,炎王龙的上等余料
68158310,天彗龙的上等余料
68158311,炸裂沙丁鱼
68158312,弩弹
68158313,穿甲榴弹
68158314,后退弹
68158315,大炮弹
68158316,<COLOR FF0000>#Rejected#</COLOR> I_0876_Name
68158317,蓄力电击弹
68158318,火炎弹　组合
68158319,火炎热光线　组合
68158320,<COLOR FF0000>#Rejected#</COLOR> I_0880_Name
68158321,加速速射弹
68158322,加速扩散弹
68158323,铁虫丝弹
68158324,<COLOR FF0000>#Rejected#</COLOR> I_0884_Name
68158325,<COLOR FF0000>#Rejected#</COLOR> I_0885_Name
68158327,堆积如山菇
68158328,乌云蔽日菇
68158329,观星花
68158330,观星丽花
68158331,不祥的布
68158332,不祥的暗布
68158333,北东西大南瓜
68158334,终结大南瓜
68158335,哥特水母
68158336,哥特式哥特水母
68158337,眠贝
68158338,毒蜘蛛蝎
68158339,大锹凤蝶
68158340,花铃虫
68158341,大王扶桑花
68158342,铠石鲷
68158343,春夜鲤
68158344,兽玉
68158345,锐利的牙
68158346,传统团子素材
68158347,秘传团子素材
68158423,补给专用肉饵
68158424,增强剂
68158425,网子
68158426,LV2火药粉
68158427,LV3火药粉
68158428,钢蛋
68158429,银蛋
68158430,金蛋
68158431,勇气之证
68158432,勇气之证G
68158433,发火果实
68158434,着火果实
68158435,白肝
68158436,波波舌
68158437,垂皮油
68158438,怪物肝
68158439,熟成菇
68158440,美丽的腹袋
68158441,秘密袋
68158442,圆滚滚橡子
68158443,丸鸟粪
68158444,丸鸟蛋
68158445,丸鸟金蛋
68158446,龙之泪
68158447,大颗龙之泪
68158448,牙兽泪
68158449,大颗牙兽泪
68158450,军队的信息素
68158451,女王的信息素
68158452,龙秘宝
68158453,闪耀的尻子玉
68158454,装束票券
68158456,随从票券
68158457,炎火票券
68158458,公会票券
68158459,百龙击退证・一
68158460,百龙击退证・二
68158461,百龙击退证・三
68158462,百龙击退证・四
68158463,百龙击退证・五
68158464,百龙击退证・六
68158465,百龙击退证・七
68158466,百龙击退证・八
68158467,王者的头冠
68158468,火龙的锐翼爪
68158469,岩龙的尾巴
68158470,岩龙的胸壳
68158471,岩龙的坚胸壳
68158472,狗龙的上等皮
68158473,坚铠玉
68158474,重铠玉
68158475,水光原珠
68158476,修罗原珠
68158477,琉璃原珠
68158478,<COLOR FF0000>#Rejected#</COLOR> I_1038_Name
68158479,<COLOR FF0000>#Rejected#</COLOR> I_1039_Name
68158480,巨大柿子
68158481,商人橡子
68158482,怪物的粪
68158483,异臭球
68158484,补给专用异臭球
68158485,搔鸟硬币
68158486,土砂龙硬币
68158488,迅龙硬币
68158489,冰牙龙硬币
68158490,金狮子硬币
68158493,爆鳞龙硬币
68158494,斗技王硬币
68158495,狩猎王硬币
68158496,击龙王硬币
68158497,<COLOR FF0000>#Rejected#</COLOR> I_1057_Name
68158499,蓄力贯穿弹
68158500,灰色种子
68158501,红色种子
68158502,大翔虫
68158503,二连弩弹
68158504,三连弩弹
68158506,猎友票券
68158507,水冷桶爆弹
68158508,电击桶爆弹
68158509,冰结桶爆弹
68158510,苍色种子
68158511,金色种子
68158512,银色种子
68158513,二连大炮弹
68158514,二连大炮弹・强
68158515,百龙击退证・九
68158516,贝尔纳石
68158517,东多尔玛磷矿
68158518,洛克拉克矿
68158519,巴尔巴雷石英
68158520,米那加尔迪结晶
68158522,知识结晶
68158523,狂野黑皮革
68158524,秘密变装道具
68158525,漆黑水晶
68158526,天道绘卷轴
68158527,大神图
68158528,杀意之波动
68158529,爱犬的螺丝
68158530,被破坏的骑士盔甲
68158531,开花票券
68158532,潜水票券
68158533,闪耀票券
68158534,感谢票券
68158535,原初矿石
68158536,金环
68158540,随从金环
68158541,猎人金环
68158542,苍世之证
68158543,苍世宝玉
68159441,领悟橡子
68159442,迅炼丹
68159443,特浓神秘油
68159444,浓稠神秘油
68159445,药用神秘油
68159446,雌火龙的重壳
68159447,雌火龙的厚鳞
68159448,雌火龙的厚翼膜
68159449,雌火龙的秘棘
68159450,雌火龙的天鳞
68159451,火龙的厚鳞
68159452,火龙的重壳
68159453,火龙的韧尾
68159454,火龙的刚翼
68159455,火龙的天鳞
68159456,火龙的刚翼爪
68159457,珍珠色的艳皮
68159458,怪异的重牙
68159459,特选白化瘦肉
68159460,岩龙的重壳
68159461,岩龙的重胸壳
68159462,岩龙的刚翼
68159463,岩龙的天壳
68159464,角龙的重甲
68159465,角龙的重尾甲
68159466,角龙的重壳
68159467,坚固的弯曲角
68159468,极品蟹黄
68159469,大名盾蟹的刚爪
68159470,大名盾蟹的重壳
68159471,陈旧的深红角
68159472,将军镰蟹的刚爪
68159473,将军镰蟹的重壳
68159474,将军镰蟹的重脚
68159475,重龙头壳
68159476,极品宿珍珠
68159477,极品黑珍珠
68159478,金狮子的刚角
68159479,金狮子的重牙
68159480,金狮子的黑荒毛
68159481,金狮子的刚爪
68159482,黄金色的煌毛
68159483,金狮子的冲天怒发
68159484,罗刹的金刚角
68159485,金狮子心
68159486,钢龙的重壳
68159487,钢之厚龙鳞
68159488,钢龙的刚翼
68159489,钢龙的刚角
68159490,钢龙的韧尾
68159491,钢龙的刚爪
68159492,霞龙的特等皮
68159493,霞龙的刚角
68159494,霞龙的刚爪
68159495,霞龙的韧尾
68159496,霞龙的刚翼
68159497,炎王龙的重壳
68159498,炎王龙的韧尾
68159499,炎王龙的刚角
68159500,狱炎的厚龙鳞
68159501,炎龙的刚爪
68159502,炎龙的刚翼
68159503,轰龙的厚鳞
68159504,轰龙的重壳
68159505,轰龙的刚爪
68159506,轰龙的重牙
68159508,轰龙的韧尾
68159509,轰龙的天鳞
68159510,迅龙的厚鳞
68159511,迅龙的豪黑毛
68159512,迅龙的韧尾
68159513,迅龙的重尾棘
68159514,迅龙的刚刃翼
68159515,迅龙的重牙
68159516,迅龙的天鳞
68159517,冰牙龙的重壳
68159518,冰牙龙的厚毛皮
68159519,冰牙龙的刚爪
68159520,冰牙龙的重棘
68159521,冰牙龙的韧尾
68159522,琥珀色的重牙
68159523,土砂龙的重壳
68159524,土砂龙的重甲
68159525,土砂龙的刚爪
68159526,土砂龙的重头壳
68159527,土砂龙的韧尾
68159528,海绵质的厚皮
68159529,水兽的厚鳞
68159530,水兽的刚爪
68159531,帅气的头冠
68159532,水兽的韧尾
68159533,眠狗龙王的厚皮
68159534,伟大的头冠
68159535,雷狼龙的重壳
68159536,雷狼龙的雷电毛
68159537,雷狼龙的刚角
68159538,雷狼龙的刚爪
68159539,雷狼龙的韧尾
68159540,雷狼龙的雷电壳
68159541,雷狼龙的天玉
68159542,毒狗龙王的厚皮
68159543,伟大的喙
68159544,青熊兽的豪刚毛
68159545,青熊兽的重壳
68159546,青熊兽的重臂甲
68159547,白兔兽的豪刚毛
68159548,白兔兽的灵耳
68159549,白兔兽的重腹甲
68159550,白兔兽的刚冻爪
68159551,赤甲兽的重壳
68159552,赤甲兽的刚爪
68159553,赤甲兽的大蛇腹甲
68159554,黑蚀龙的厚鳞
68159555,黑蚀龙的重壳
68159556,黑蚀龙的刚惨爪
68159557,黑蚀龙的暗黑翼
68159558,黑蚀龙的刚触角
68159559,黑蚀龙的天鳞
68159560,天廻龙的厚鳞
68159561,天廻龙的重壳
68159562,天廻龙的刚净爪
68159563,天廻龙的光虹翼
68159564,天廻龙的韧尾
68159565,天廻龙的刚角
68159566,天廻龙的天鳞
68159567,千刃龙的斩刃鳞
68159568,千刃龙的破刃
68159569,千刃龙的闪裂爪
68159570,千刃龙的斩翼爪
68159571,千刃龙的绝枪尾
68159572,千刃龙的断刀角
68159573,千刃龙的镜玉
68159574,电龙的厚鳞
68159575,电龙的重棘壳
68159576,电龙的超电膜
68159577,超高压电甲
68159578,电龙的钳刃尾
68159579,电龙的重冠甲
68159580,电龙的刚翼爪
68159581,电龙的天鳞
68159582,泡狐龙的厚鳞
68159583,泡狐龙的紫刚毛
68159584,泡狐龙的刚爪
68159585,泡狐龙的特等锦鳍
68159586,泡狐龙的紫韧尾
68159587,浓厚起泡滑液
68159588,泡狐龙的天鳞
68159589,焰狐龙的厚鳞
68159590,焰狐龙的白刚毛
68159591,焰狐龙的刚爪
68159592,焰狐龙的特等锦鳍
68159593,焰狐龙的白韧尾
68159594,纯白滑液
68159595,焰狐龙的天鳞
68159596,赫摇的厚龙鳞
68159597,奇绝的赫煌壳
68159598,天彗龙的刚爪
68159599,天彗龙的旋尾
68159600,赫赫的击枪翼
68159601,天彗龙的大背尖甲
68159602,招来赫星的龙神玉
68159603,炼狱滚沸的赫耀液
68159604,怨虎龙的厚鳞
68159605,怨虎龙的重壳
68159606,怨虎龙的霸臂刃
68159607,怨虎龙的狱刀壳
68159608,怨虎龙的狱盔角
68159609,怨虎龙的韧枪刃尾
68159610,怨虎龙的魂魄结晶
68159611,怨虎龙的祸玉
68159612,积怨的祸鳞
68159613,怨虎龙的铠重壳
68159614,愤怨迸发的业臂刃
68159615,嗟怨呻吟的铠刀壳
68159616,怨恨缠绕的独盔角
68159617,怨虎龙的豪枪刃尾
68159618,怨虎龙的阎结晶
68159619,怨虎龙的宿愿瞳
68159620,天狗兽的豪刚毛
68159621,天狗兽的刚爪
68159622,天狗兽的豪臂羽
68159623,天狗兽的重冠帽
68159624,天狗兽的重尾甲
68159625,绯天狗兽的豪刚毛
68159626,绯天狗兽的刚爪
68159627,绯天狗兽的豪臂羽
68159628,绯天狗兽的重冠帽
68159629,绯天狗兽的重尾甲
68159630,伞鸟的厚鳞
68159631,伞鸟的华羽冠
68159632,伞鸟的特等羽鳞
68159633,伞鸟的红喙
68159634,河童蛙的厚皮
68159635,河童蛙的苔重甲
68159636,河童蛙的特等碟
68159637,河童蛙的刚嘴
68159638,灵魂摇曳的尻子玉
68159639,人鱼龙的厚鳞
68159640,人鱼龙的重壳
68159641,人鱼龙的刚钩爪
68159642,人鱼龙的荒发鳍
68159643,人鱼龙的幻梦粉
68159644,冰人鱼龙的冻鳞
68159645,冰人鱼龙的冻壳
68159646,冰人鱼龙的冻爪
68159647,冰人鱼龙的发鳍
68159648,妃蜘蛛的艳绢丝
68159649,妃蜘蛛的重壳
68159650,妃蜘蛛的刚爪
68159651,妃蜘蛛的重钩棘
68159652,妃蜘蛛的绚灯腹
68159653,炽妃蜘蛛的艳绢丝
68159654,炽妃蜘蛛的重壳
68159655,炽妃蜘蛛的刚爪
68159656,炽妃蜘蛛的重钩棘
68159657,炽妃蜘蛛的炫灯腹
68159658,泥翁龙的厚鳞
68159659,泥翁龙的重壳
68159660,泥翁龙的刚爪
68159661,泥翁龙的豪毛鳍
68159662,泥翁龙的仙人须
68159663,泥翁龙的鞭尾
68159664,黄金色的纯粘泥土
68159665,泥翁龙的天鳞
68159666,熔翁龙的厚鳞
68159667,熔翁龙的重壳
68159668,熔翁龙的刚爪
68159669,熔翁龙的豪毛鳍
68159670,熔翁龙的刚韧须
68159671,熔翁龙的鞭尾
68159672,炽热的熔岩泥
68159673,熔翁龙的天鳞
68159674,风神龙的特等皮
68159675,风神龙的重壳
68159676,风神龙的刚角
68159677,风神龙的刚爪
68159678,风神龙的碧重棘
68159679,风神龙的暴风袋
68159680,风神的龙神玉
68159681,雪鬼兽的冻刚毛
68159682,雪鬼兽的特等皮
68159683,雪鬼兽的刚拳爪
68159684,雪鬼兽的重臂甲
68159685,雪鬼兽的刚角
68159686,寒冷的重冰块
68159687,大雪鬼胆
68159688,镰鼬龙王的厚毛
68159689,镰鼬龙王的厚皮
68159690,镰鼬龙王的砥刃尾
68159691,雷神龙的厚皮
68159693,雷神龙的刚爪
68159695,雷神龙的雷电袋
68159696,雷神龙的猛触手
68159698,渊源的厚岚鳞
68159699,渊源的刚岚角
68159700,渊源的天鳞
68159701,蛮颚龙的厚鳞
68159702,蛮颚龙的厚毛皮
68159703,蛮颚龙的重牙
68159704,蛮颚龙的重鼻骨
68159705,蛮颚龙的韧尾
68159706,蛮颚龙的天鳞
68159707,毒妖鸟的厚鳞
68159708,毒妖鸟的重壳
68159709,毒妖鸟的刚翼
68159710,毒妖鸟的特大喉袋
68159711,毒妖鸟的韧尾
68159712,搔鸟的厚鳞
68159713,搔鸟的厚皮
68159714,洞穿之巨大喙
68159715,搔鸟的特大饰羽
68159716,泥鱼龙的厚鳞
68159717,泥鱼龙的重壳
68159718,泥鱼龙的重牙
68159719,泥鱼龙的特等鳍
68159720,飞雷龙的厚鳞
68159721,飞雷龙的厚毛皮
68159722,飞雷龙的厚皮膜
68159723,飞雷龙的刚爪
68159724,飞雷龙的雷光针
68159725,爆鳞龙的重壳
68159726,爆鳞龙的爆腺束
68159727,爆鳞龙的刚翼
68159729,爆鳞龙的厚鳞
68159730,爆鳞龙的刚爪
68159731,爆鳞龙的重尾
68159732,红莲飘荡之银壳
68159733,烧灼天空之银翼
68159734,浓缩的爆腺液
68159735,爆鳞龙的天鳞
68159736,爵银龙的重壳
68159737,爵银龙的刚翼
68159738,爵银龙的重牙
68159739,爵银龙的三叉尾
68159740,吸食精气的啮生虫
68159741,爵银龙的红血玉
68159742,冰狼龙的重壳
68159743,冰狼龙的厚鳞
68159744,冰狼龙的秘冰玉
68159745,冰冻的狼重牙
68159746,冰狼龙的雹苍核
68159747,冰狼龙的刚朱爪
68159748,冰狼龙的韧尾壳
68159749,刚缠兽的重牙
68159751,刚缠兽的重壳
68159752,特浓体肥液
68159755,刚缠兽的重锄尾
68159756,冥渊龙的邪角
68159757,冥渊龙的昏钩尾
68159758,冥渊龙的背岩壳
68159759,地狱的龙鳞
68159761,冥渊龙的堕翼爪
68159762,冥渊龙的穿渊爪
68159763,地狱的龙神玉
68159764,棘龙的厚鳞
68159765,棘龙的重壳
68159766,棘龙的秘棘
68159767,棘龙的韧尾
68159768,棘龙的浓毒血
68159769,巨甲虫的斩羽
68159770,巨甲虫的重壳
68159771,巨甲虫的头
68159772,巨蜂的斩羽
68159773,巨蜂的重壳
68159774,蓝速龙的厚鳞
68159775,蓝速龙的厚皮
68159776,野猪的厚毛皮
68159777,雪鹿的重角
68159778,翼蛇龙的特等皮
68159779,条纹花样的特等皮
68159780,翼蛇龙的特等头
68159781,盾蟹的极小壳
68159782,镰蟹的极小壳
68159783,飞甲虫的斩羽
68159784,极品腹袋
68159785,咬鱼的厚皮
68159786,咬鱼的钢须
68159787,狗龙的厚鳞
68159788,狗龙的厚皮
68159789,水生兽的厚皮
68159790,丸鸟的特等羽毛
68159791,贼龙的厚鳞
68159792,冠突龙的重壳
68159793,狸兽的发火液
68159794,镰鼬龙的豪刚毛
68159795,臣蜘蛛的艳丝
68159796,卫蜘蛛的黑红丝
68159797,丽羊兽的毛球
68159798,狡狗龙的厚皮
68159799,狡狗龙的厚鳞
68159800,强龙骨
68159801,重龙骨
68159803,太古龙骨
68159804,厚重的骨
68159805,坚固的重骨
68159806,强韧的爪
68159807,厚重的牙
68159808,极品毛皮
68159809,怪物特浓体液
68159810,柔软的厚皮
68159811,肉球优待券
68159812,剧毒袋
68159813,浓缩麻痹袋
68159814,失神昏睡袋
68159815,业炎袋
68159816,雷电袋
68159817,瞬间冻结袋
68159818,特大水袋
68159819,古龙的净血
68159820,幻鸟龙玉
68159821,大龙玉
68159822,古龙的大宝玉
68159823,古老龙秘宝
68159824,雌火龙的贵重余料
68159826,火龙的贵重余料
68159828,珍珠色的贵重余料
68159829,岩龙的贵重余料
68159830,角龙的贵重余料
68159831,大名盾蟹的贵重余料
68159832,将军镰蟹的贵重余料
68159833,金狮子的贵重余料
68159834,钢龙的贵重余料
68159835,霞龙的贵重余料
68159836,炎王龙的贵重余料
68159837,轰龙的贵重余料
68159838,迅龙的贵重余料
68159839,冰牙龙的贵重余料
68159840,土砂龙的贵重余料
68159841,水兽的贵重余料
68159842,眠狗龙王的贵重余料
68159843,雷狼龙的贵重余料
68159844,毒狗龙王的贵重余料
68159845,青熊兽的贵重余料
68159846,白兔兽的贵重余料
68159847,赤甲兽的贵重余料
68159848,天廻龙的贵重余料
68159849,黑蚀龙的贵重余料
68159850,千刃龙的贵重余料
68159851,电龙的贵重余料
68159852,泡狐龙的贵重余料
68159853,天彗龙的红贵余料
68159854,怨虎龙的贵重余料
68159855,天狗兽的贵重余料
68159856,伞鸟的贵重余料
68159857,河童蛙的贵重余料
68159858,人鱼龙的贵重余料
68159859,妃蜘蛛的贵重余料
68159860,泥翁龙的贵重余料
68159861,风神龙的贵重余料
68159862,雪鬼兽的贵重余料
68159863,镰鼬龙王的贵重余料
68159864,雷神龙的贵重余料
68159865,蛮颚龙的贵重余料
68159866,毒妖鸟的贵重余料
68159867,搔鸟的贵重余料
68159868,泥鱼龙的贵重余料
68159869,飞雷龙的贵重余料
68159870,爆鳞龙的贵重余料
68159871,爵银龙的贵重余料
68159872,冰狼龙的贵重余料
68159873,刚缠兽的贵重余料
68159874,冥渊龙的贵重余料
68159875,棘龙的贵重余料
68159876,朴素的贵重余料
68159877,矿石的贵重余料
68159878,虫的贵重余料
68159879,毛皮的贵重余料
68159880,骨的贵重余料
68159883,草食龙的贵重余料
68159884,飞甲虫的贵重余料
68159887,狗龙的贵重余料
68159890,月光结晶
68159891,冰蓝色晶洞
68159892,七彩晶洞
68159893,琥珀色树脂
68159894,不死虫琥珀
68159895,远古器具
68159896,老旧器具
68159897,极品龙蛋 
68159898,特级菇
68159899,密林菇
68159900,密林蕨菜
68159901,极品蕨菜
68159902,珍珠蜗
68159903,黄金蜗
68159904,极品菇
68159905,冰瀑彩水晶
68159906,酷寒冻松果
68159907,皇帝仙人掌
68159908,悠久燃石炭
68159909,顶级龙蛋
68159910,巨型大王香花
68159911,特大冰结化石
68159912,草食龙的极品龙蛋
68159913,巨型铋结晶
68159914,妖辉石
68159915,纯水晶
68159916,寒霜金属
68159917,金光矿石
68159918,深红莲石
68159961,精气琥珀
68159962,精气琥珀・上
68159963,精气琥珀・尖
68160024,怪异化的骨
68160025,怪异化的皮
68160026,怪异化的龙骨
68160027,怪异化的血
68160028,怪异化的鳞
68160029,怪异化的甲壳
68160030,怪异化的牙
68160032,怪异化的爪
68160092,裂水之异国图纸
68160093,轻装之异国图纸
68160094,王道之异国图纸
68160095,宝石之异国图纸
68160096,水边之异国图纸
68160097,代价之异国图纸
68160098,结晶之异国图纸
68160099,魅惑之异国图纸
68160103,棘龙的刚角
68160104,棘龙的天鳞
68160105,熔岩兽的厚鳞
68160106,大兽玉
68160107,七色彩虹蘑菇
68160108,归星珍花
68160109,不祥的冥布
68160110,特大南瓜王
68160111,贵妇哥特水母
68160112,古眠贝
68160113,猛毒蜘蛛蝎
68160114,大锹凤王蝶
68160115,烂漫铃虫
68160116,变种扶桑花
68160117,大铠石鲷
68160118,阳春夜鲤
68160119,锁住的宝箱
68160120,黑蚀龙的韧尾
68160122,绯鸢石
68160123,云鸠石
68160124,终极结晶
68160125,碧蓝矿石
68160126,三色矿石
68160130,厚重龙骨
68160131,巨大龙骨
68160133,扭曲的重怪骨
68160134,结冻的重冰骨
68160135,埋藏的古龙骨骸
68160136,散发土香的重泥骨
68160137,焦黑的重烧骨
68160138,长满苔藓的重土骨
68160139,受损的重古骨
68160142,古老巨龙骨
68160143,狱炎酸浆
68160144,极品竹笋
68160145,大军舰牡蛎
68160146,古老金币
68160147,烈火草莓
68160148,宇宙蔷薇
68160149,五星猪笼草
68160150,新神圣独角仙
68160151,玉髓化的龙骨块
68160152,铋七彩石
68160153,猫毛大红玉
68160154,怪气神秘油
68160243,王国骑士团之证Ⅰ
68160244,王国骑士团之证Ⅲ
68160245,金刚原珠
68160246,明王原珠
68160247,怪异原珠
68160248,王铠玉
68160249,真铠玉
68160250,金火龙的厚鳞
68160251,金火龙的重壳
68160252,金火龙的秘棘
68160253,银火龙的厚鳞 
68160254,银火龙的重壳 
68160255,银火龙的刚翼
68160256,银火龙的韧尾
68160257,月迅龙的厚鳞
68160258,月迅龙的豪斑毛
68160259,月迅龙的重牙
68160260,月迅龙的重尾棘
68160261,月迅龙的透刃翼
68160262,胧月碎片
68160263,棘茶龙的厚鳞
68160264,棘茶龙的重壳
68160265,棘茶龙的秘棘
68160266,棘茶龙的浓强酸
68160267,棘茶龙的刚角
68160268,棘茶龙的天鳞
68160269,棘茶龙的韧尾
68160270,王国骑士团之证Ⅱ
68160271,爵银龙的厚鳞
68160272,爵银龙的刚角
68160278,俳句集《庵点》
68160279,炎火猫影拳腰带
68160280,茶点店标志包袱布
68160281,古代力士手印
68160282,名泉画・装饰绳
68160283,名泉画・发簪
68160284,名泉画・带扣
68160285,名泉画・罩袍
68160286,毛茸茸毛线球
68160287,航线图【复制】
68160288,极品贝鲁纳茄子
68160289,特产四件套
68160291,除厄菇
68160292,加工过的龙骨
68160293,大名盾蟹硬币
68160294,天狗兽硬币
68160295,刚缠兽硬币
68160296,冰狼龙硬币
68160297,	棘龙硬币
68160298,激昂硬币
68160299,激斗王硬币
68160300,英雄王硬币
68160301,刚缠兽的刚壁拳
68160302,刚缠兽的厚鳞
68160303,歼灭之啮生虫
68160304,红莲的贵重余料
68160305,嗟怨震天的贵重余料
68160306,白金蛋
68160307,埃尔迦德票券
68160308,怪异调查票券
68160309,霸王之证
68160310,装束票券G
68160311,丽羊兽的厚毛皮
68160312,岩龙的韧尾
68160313,草食种的大重骨
68160314,金火龙的厚翼膜
68160315,火龙的煌液
68160316,怪异化的凶鳞
68160317,怪异化的凶骨
68160318,怪异化的凶角
68160319,怪异化的凶壳
68160320,怪异化的凶爪
68160321,怪异化的凶牙
68160322,怪异化的凶翼膜
68160323,怪异化的凶血
68160324,怪异化的硬骨
68160325,怪异化的上等皮
68160326,怪异化的坚龙骨
68160327,怪异化的净血
68160328,怪异化的上等鳞
68160329,怪异化的坚壳
68160330,怪异化的锐牙
68160331,怪异化的尖爪
68160332,怪异化的上等凶鳞
68160333,怪异化的凶硬骨
68160334,怪异化的凶尖角
68160335,怪异化的凶坚壳
68160336,怪异化的凶尖爪
68160337,怪异化的凶锐牙
68160338,怪异化的凶翼
68160339,怪异化的凶净血
68160340,探究硬币
68160341,怪异化的重骨
68160342,怪异化的厚皮
68160343,怪异化的重龙骨
68160344,怪异化的净浓血
68160345,怪异化的厚鳞
68160346,怪异化的重壳
68160347,怪异化的重牙
68160348,怪异化的刚爪
68160349,怪异化的凶厚鳞
68160350,怪异化的凶重骨
68160351,怪异化的凶刚角
68160352,怪异化的凶重壳
68160353,怪异化的凶刚爪
68160354,怪异化的凶重牙
68160355,怪异化的凶刚翼
68160356,怪异化的凶浓血
68160357,精气琥珀・王
68160358,精气琥珀・真
68160359,蒸汽票券
68160360,太古碎片
68160361,封灭大祸之丝
68160362,小花花盆
68160363,怪盗的预告信
68160364,红晶票券
68160365,头巾票券
68160366,海洋票券
68160367,眼镜票券
68160368,黑翼耳票券
68160369,牙猎面具票券
68160370,软绒票券
68160371,兔耳票券
68160372,鲜血票券
68160381,霞龙的破怪玉
68160382,钢龙的破怪玉
68160383,炎王龙的破怪玉
68160384,天彗龙极的破怪玉
68160385,天廻龙的破怪玉
68160396,混沌的龙鳞
68160397,相克的变异角
68160398,裹卷二律的乱翼
68160399,背反的双逆鳞
68160400,混沌的贵重余料
68160401,破怪的龙骨
68160402,破怪的硬龙骨
68160403,破怪的重龙骨
68160404,破怪的龙血
68160405,破怪的净龙血
68160406,破怪的浓龙血
68160407,铁虫丝拘束弹
68160408,冰晶的厚龙鳞
68160409,冰呪龙的重壳
68160410,冰呪龙的刚爪
68160411,冰呪龙的冠角
68160412,冰呪龙的刚翼
68160413,冰呪龙的韧尾
68160414,冰呪龙的零玉
68160415,冰呪龙的贵重余料
68160419,岚龙的重壳
68160420,岚龙的厚飞膜
68160421,岚龙的刚角
68160422,岚龙的刚爪
68160423,岚龙的强尾
68160424,岚龙的重胸壳
68160425,岚鳔团
68160426,天空的龙神玉
68160427,岚龙的贵重余料
68160428,原初的宠鳞
68160429,爵银龙的无垢壳
68160430,爵银龙的丽牙
68160431,狂渊之啮生虫
68160432,贯穿时间的矛尾
68160433,爵银龙的银角
68160434,银光的盾翼
68160435,刻冥的龙血玉
68160436,原初形态的贵重余料
68160437,健美之证
68160438,健美之证G
68160439,暗转黑布
